[{"_allAttributes":null,"_properties":null,"_methods":null,"file":"c:/LWC/PF_PRJCT/force-app/main/default/lwc/premiumSavingsAppConsent/premiumSavingsAppConsent.js","metadata":{"decorators":[{"type":"api","targets":[{"type":"method","name":"validationoncontinue"}]}],"declarationLoc":{"start":{"line":3,"column":0},"end":{"line":21,"column":1}},"classMembers":[{"type":"property","name":"enablemodal","loc":{"start":{"line":4,"column":4},"end":{"line":4,"column":21}}},{"type":"property","name":"psaccheckbox","loc":{"start":{"line":5,"column":4},"end":{"line":5,"column":22}}},{"type":"method","name":"handleconsentclick","loc":{"start":{"line":6,"column":4},"end":{"line":8,"column":5}}},{"type":"method","name":"handlecheckbox","loc":{"start":{"line":9,"column":4},"end":{"line":12,"column":5}}},{"type":"method","name":"validationoncontinue","loc":{"start":{"line":13,"column":4},"end":{"line":19,"column":5}},"decorator":"api"}],"exports":[{"type":"ExportDefaultDeclaration"}]},"updatedAt":"2021-07-12T02:36:57.699Z"},{"_allAttributes":null,"_properties":null,"_methods":null,"file":"c:/LWC/PF_PRJCT/force-app/main/default/lwc/premiumSavingsAppEmail/premiumSavingsAppEmail.js","metadata":{"decorators":[{"type":"api","targets":[{"type":"property","name":"emailaddress","value":{"type":"unresolved"}},{"type":"property","name":"emaildatatransfer","value":{"type":"unresolved"}},{"type":"method","name":"validationoncontinue"}]}],"declarationLoc":{"start":{"line":3,"column":0},"end":{"line":23,"column":1}},"classMembers":[{"type":"property","name":"emailaddress","loc":{"start":{"line":4,"column":4},"end":{"line":4,"column":21}},"decorator":"api","value":{"type":"unresolved"}},{"type":"property","name":"handleemailvalue","loc":{"start":{"line":6,"column":4},"end":{"line":8,"column":5}}},{"type":"property","name":"emaildatatransfer","loc":{"start":{"line":10,"column":4},"end":{"line":14,"column":5}},"decorator":"api","value":{"type":"unresolved"}},{"type":"method","name":"validationoncontinue","loc":{"start":{"line":16,"column":4},"end":{"line":22,"column":5}},"decorator":"api"}],"exports":[{"type":"ExportDefaultDeclaration"}]},"updatedAt":"2021-07-12T02:19:19.716Z"},{"_allAttributes":null,"_properties":null,"_methods":null,"file":"c:/LWC/PF_PRJCT/force-app/main/default/lwc/premiumSavingsAppFormHeader/premiumSavingsAppFormHeader.js","metadata":{"decorators":[{"type":"api","targets":[{"type":"property","name":"header","value":{"type":"unresolved"}},{"type":"property","name":"subheader","value":{"type":"unresolved"}}]}],"declarationLoc":{"start":{"line":3,"column":0},"end":{"line":8,"column":1}},"classMembers":[{"type":"property","name":"header","loc":{"start":{"line":5,"column":4},"end":{"line":5,"column":15}},"decorator":"api","value":{"type":"unresolved"}},{"type":"property","name":"subheader","loc":{"start":{"line":6,"column":4},"end":{"line":6,"column":18}},"decorator":"api","value":{"type":"unresolved"}}],"exports":[{"type":"ExportDefaultDeclaration"}]},"updatedAt":"2021-07-12T01:54:33.000Z"},{"_allAttributes":null,"_properties":null,"_methods":null,"file":"c:/LWC/PF_PRJCT/force-app/main/default/lwc/premiumSavingsAppName/premiumSavingsAppName.js","metadata":{"decorators":[{"type":"api","targets":[{"type":"property","name":"firstname","value":{"type":"unresolved"}},{"type":"property","name":"lastname","value":{"type":"unresolved"}},{"type":"property","name":"mi","value":{"type":"string"}},{"type":"method","name":"namedatatransfer"},{"type":"method","name":"validationoncontinue"}]}],"declarationLoc":{"start":{"line":3,"column":0},"end":{"line":34,"column":1}},"classMembers":[{"type":"property","name":"firstname","loc":{"start":{"line":4,"column":4},"end":{"line":4,"column":18}},"decorator":"api","value":{"type":"unresolved"}},{"type":"property","name":"lastname","loc":{"start":{"line":5,"column":4},"end":{"line":5,"column":17}},"decorator":"api","value":{"type":"unresolved"}},{"type":"property","name":"mi","loc":{"start":{"line":6,"column":4},"end":{"line":6,"column":14}},"decorator":"api","value":{"type":"string"}},{"type":"property","name":"handlenamevalue","loc":{"start":{"line":7,"column":4},"end":{"line":16,"column":5}}},{"type":"method","name":"namedatatransfer","loc":{"start":{"line":18,"column":4},"end":{"line":25,"column":5}},"decorator":"api"},{"type":"method","name":"validationoncontinue","loc":{"start":{"line":27,"column":4},"end":{"line":33,"column":5}},"decorator":"api"}],"exports":[{"type":"ExportDefaultDeclaration"}]},"updatedAt":"2021-07-12T03:42:33.816Z"},{"_allAttributes":null,"_properties":null,"_methods":null,"file":"c:/LWC/PF_PRJCT/force-app/main/default/lwc/premiumSavingsAppParent/premiumSavingsAppParent.js","metadata":{"decorators":[],"declarationLoc":{"start":{"line":4,"column":0},"end":{"line":65,"column":1}},"classMembers":[{"type":"property","name":"myHeader","loc":{"start":{"line":5,"column":4},"end":{"line":5,"column":60}}},{"type":"property","name":"mySubheader","loc":{"start":{"line":6,"column":4},"end":{"line":6,"column":38}}},{"type":"property","name":"editdispplay","loc":{"start":{"line":7,"column":4},"end":{"line":7,"column":22}}},{"type":"property","name":"userpersonaldata","loc":{"start":{"line":8,"column":4},"end":{"line":8,"column":24}}},{"type":"method","name":"handleContinue","loc":{"start":{"line":11,"column":4},"end":{"line":32,"column":5}}},{"type":"method","name":"namefetch","loc":{"start":{"line":34,"column":4},"end":{"line":39,"column":5}}},{"type":"method","name":"emailfetch","loc":{"start":{"line":41,"column":4},"end":{"line":44,"column":5}}},{"type":"method","name":"phonefetch","loc":{"start":{"line":46,"column":4},"end":{"line":52,"column":5}}},{"type":"method","name":"handleConfirm","loc":{"start":{"line":54,"column":4},"end":{"line":59,"column":5}}},{"type":"method","name":"handleBack","loc":{"start":{"line":60,"column":4},"end":{"line":62,"column":5}}}],"exports":[{"type":"ExportDefaultDeclaration"}]},"updatedAt":"2021-07-12T06:30:15.983Z"},{"_allAttributes":null,"_properties":null,"_methods":null,"file":"c:/LWC/PF_PRJCT/force-app/main/default/lwc/premiumSavingsAppPhone/premiumSavingsAppPhone.js","metadata":{"decorators":[{"type":"api","targets":[{"type":"property","name":"mobilenumber","value":{"type":"string"}},{"type":"property","name":"homenumber","value":{"type":"string"}},{"type":"property","name":"worknumber","value":{"type":"string"}},{"type":"method","name":"phonedatatransfer"},{"type":"method","name":"validationoncontinue"}]}],"declarationLoc":{"start":{"line":3,"column":0},"end":{"line":35,"column":1}},"classMembers":[{"type":"property","name":"mobilenumber","loc":{"start":{"line":4,"column":4},"end":{"line":4,"column":24}},"decorator":"api","value":{"type":"string"}},{"type":"property","name":"homenumber","loc":{"start":{"line":5,"column":4},"end":{"line":5,"column":22}},"decorator":"api","value":{"type":"string"}},{"type":"property","name":"worknumber","loc":{"start":{"line":6,"column":4},"end":{"line":6,"column":22}},"decorator":"api","value":{"type":"string"}},{"type":"property","name":"handlephonevalue","loc":{"start":{"line":8,"column":4},"end":{"line":17,"column":5}}},{"type":"method","name":"phonedatatransfer","loc":{"start":{"line":19,"column":4},"end":{"line":26,"column":5}},"decorator":"api"},{"type":"method","name":"validationoncontinue","loc":{"start":{"line":28,"column":4},"end":{"line":34,"column":5}},"decorator":"api"}],"exports":[{"type":"ExportDefaultDeclaration"}]},"updatedAt":"2021-07-12T03:42:26.723Z"}]